holdout_r2,holdout_mae,holdout_rmse,holdout_mape
0.7133202823922282,5848.994811797913,10986.255758149686,44.53094092343197
